eMolecules ID,canonical isomeric SMILES,eMolecules SMILES,"pKas in [3,11]",XlogP,MolWt,Availability (mg),Price,group
7616001,c1cc2c(c(sc2nc1)C(=O)N)N,NC(=O)c1sc2c(c1N)cccn2,"[3.454, 10.685]",0.25700002908706665,193.226,970.0,168.0,fragment-like
1570822,c1cc2cccnc2c(c1)NC(=O)c3ccc(cc3)Cl,Clc1ccc(cc1)C(=O)Nc1cccc2c1nccc2,[3.95],3.5879998207092285,282.724,176.0,168.0,fragment-like
44750813,Cc1cnc(s1)Nc2ccccn2,Cc1cnc(s1)Nc1ccccn1,"[3.718, 6.011]",1.4719998836517334,191.253,1015.0,168.0,fragment-like
859659,c1ccc(cc1)c2cc(c(s2)N)C(=O)N,NC(=O)c1cc(sc1N)c1ccccc1,[9.967],2.1570000648498535,218.275,19471.5,223.0,fragment-like
1155596,COc1ccc(cc1)NC(=O)/C=C/c2ccccc2,COc1ccc(cc1)NC(=O)/C=C/c1ccccc1,[5.1],3.4800002574920654,253.296,100.0,168.0,fragment-like
4038159,Cc1ccc(cc1C)c2csc(c2C(=O)N)NC(=O)CCCC(=O)O,OC(=O)CCCC(=O)Nc1scc(c1C(=O)N)c1ccc(c(c1)C)C,[4.663],2.314000129699707,360.42699999999996,100.0,168.0,
2259473,c1ccc(c(c1)C(=O)Nc2nnc(s2)SCc3cccc(c3)F)Cl,Fc1cccc(c1)CSc1nnc(s1)NC(=O)c1ccccc1Cl,[6.525],5.237000465393066,379.85900000000004,302.0,168.0,
6766101,c1ccc(cc1)CSc2nnc(s2)NC(=O)c3ccc(cc3)F,Fc1ccc(cc1)C(=O)Nc1nnc(s1)SCc1ccccc1,[7.202],4.621000289916992,345.414,,355.0,fragment-like
4541974,Cn1c2c(c(=O)[nH]c1=O)n3cc(n(c3n2)CCCCO)c4ccccc4,OCCCCn1c(cn2c1nc1c2c(=O)[nH]c(=O)n1C)c1ccccc1,[10.208],1.2639998197555542,353.375,,355.0,
31653344,c1ccc(cc1)n2cnc3c2ccc(c3)N,Nc1ccc2c(c1)ncn2c1ccccc1,[6.348],2.3329999446868896,209.247,50213.0,148.0,fragment-like
5784088,c1cc(ccc1c2nnc3n2nc(cc3)NC4CC4)C(F)(F)F,FC(c1ccc(cc1)c1nnc2n1nc(cc2)NC1CC1)(F)F,[4.394],4.128999710083008,319.284,3175.0,414.0,fragment-like
1421743,CCOc1ccc2c(c1)sc(n2)NC(=O)Cc3ccc(cc3)OC,CCOc1ccc2c(c1)sc(n2)NC(=O)Cc1ccc(cc1)OC,[9.167],3.7950000762939453,342.412,724.0,168.0,fragment-like
5616156,c1cc(cc(c1)F)CSc2nnc(o2)c3ccncc3,Fc1cccc(c1)CSc1nnc(o1)c1ccncc1,[4.902],3.440999746322632,287.312,428.5,148.0,fragment-like
1782302,CCOc1ccc2c(c1)sc(n2)NC(=O)Cc3ccc(cc3)Cl,CCOc1ccc2c(c1)sc(n2)NC(=O)Cc1ccc(cc1)Cl,[9.167],4.555000305175781,346.83099999999996,140.0,168.0,fragment-like
5639199,c1ccc(cc1)Nc2c3ccccc3ncn2.Cl,c1ccc(cc1)Nc1ncnc2c1cccc2.Cl,[4.05],3.2830004692077637,257.718,2124.0,414.0,fragment-like
3513384,c1ccc(c(c1)c2c(=O)[nH]c3ccccc3n2)NC(=O)c4ccc(cc4)F,Fc1ccc(cc1)C(=O)Nc1ccccc1c1nc2ccccc2[nH]c1=O,[8.46],4.201000213623047,359.353,107.7,249.0,
832041,COc1ccc(cc1)/C=C\2/C(=O)NC(=O)S2,COc1ccc(cc1)/C=C/1\SC(=O)NC1=O,[8.112],2.315999984741211,235.25900000000001,289.0,168.0,fragment-like
1532460,Cc1ccc2c(c1)oc(n2)c3cc(cc(c3O)C)N,Nc1cc(C)c(c(c1)c1oc2c(n1)ccc(c2)C)O,"[5.184, 8.99]",2.880000114440918,254.28400000000002,3132.0,168.0,fragment-like
27013168,CSc1ccc(cc1)/C=C/2\C(=O)NC(=O)N2,CSc1ccc(cc1)/C=C\1/NC(=O)NC1=O,[8.74],1.8569998741149902,234.274,135.0,355.0,fragment-like
1267281,CCOc1ccc(cc1)Nc2c(cnc(n2)Nc3ccc(cc3)OCC)F,CCOc1ccc(cc1)Nc1ncc(c(n1)Nc1ccc(cc1)OCC)F,[3.892],3.051999807357788,368.405,113.0,219.0,
3044617,c1ccc(c(c1)C(=O)Nc2nnc(s2)SCc3ccc(cc3)F)Cl,Fc1ccc(cc1)CSc1nnc(s1)NC(=O)c1ccccc1Cl,[6.525],5.237000465393066,379.85900000000004,121.5,148.0,
10748986,Cc1cccc(c1NC(=O)c2cnc(s2)Nc3cc(nc(n3)C)N4CCN(CC4)CCO)Cl,OCCN1CCN(CC1)c1cc(nc(n1)C)Nc1ncc(s1)C(=O)Nc1c(C)cccc1Cl,"[6.992, 8.185]",1.8869997262954712,488.006,,148.0,drug-like
1415746,COc1ccc(cc1)c2c3c(ncnc3oc2c4ccc(cc4)OC)NCCO,OCCNc1ncnc2c1c(c1ccc(cc1)OC)c(o2)c1ccc(cc1)OC,[4.829],2.7940003871917725,391.42,398.0,168.0,drug-like
8687115,c1cc(cc(c1)Cl)CSc2nnc(o2)c3ccncc3,Clc1cccc(c1)CSc1nnc(o1)c1ccncc1,[4.902],3.92199969291687,303.767,128.4,,fragment-like
1242692,Cn1c2c(c(=O)[nH]c1=O)n(c(n2)S)Cc3ccc(cc3)Cl,Clc1ccc(cc1)Cn1c(S)nc2c1c(=O)[nH]c(=O)n2C,"[5.556, 10.973]",2.2929999828338623,322.77,107.0,168.0,fragment-like
2720837,c1ccc2c(c1)cc(c(n2)N)C(=O)N,NC(=O)c1cc2ccccc2nc1N,[4.03],1.0870000123977661,187.19799999999998,,355.0,fragment-like
491595,c1cscc1C(=O)O,OC(=O)c1cscc1,[4.913],0.6669999957084656,128.149,1230.0,275.0,
498764,c1cc2c(cc(=O)oc2cc1O)CC(=O)O,OC(=O)Cc1cc(=O)oc2c1ccc(c2)O,"[3.62, 8.794]",-0.07300001382827759,220.178,119550.0,414.0,fragment-like
5428814,c1cc(cc(c1)F)CSc2nnc(s2)NC(=O)c3ccc(cc3)Cl,Clc1ccc(cc1)C(=O)Nc1nnc(s1)SCc1cccc(c1)F,[6.888],5.236999988555908,379.85900000000004,341.5,,
3365457,CCOc1ccc2c(c1)sc(n2)NC(=O)Cc3ccc(c(c3)Cl)Cl,CCOc1ccc2c(c1)sc(n2)NC(=O)Cc1ccc(c(c1)Cl)Cl,[9.167],5.1710004806518555,381.276,489.9,148.0,drug-like
1284691,c1cc(c(c(c1)Cl)C(=O)Nc2ccncc2)Cl,O=C(c1c(Cl)cccc1Cl)Nc1ccncc1,"[4.714, 9.847]",2.927000045776367,267.111,385.0,275.0,fragment-like
2069689,c1cc(cc(c1)F)/C=C/2\C(=O)NC(=O)S2,O=C1NC(=O)/C(=C\c2cccc(c2)F)/S1,[8.015],2.5949997901916504,223.22400000000002,126.0,275.0,fragment-like
5428828,c1cc(cc(c1)F)CSc2nnc(s2)NC(=O)c3ccc(cc3)F,Fc1ccc(cc1)C(=O)Nc1nnc(s1)SCc1cccc(c1)F,[7.202],4.75600004196167,363.405,113.1,400.0,
1367649,Cc1ccc2c(c1)c(c(c(=O)[nH]2)CC(=O)O)c3ccccc3,OC(=O)Cc1c(=O)[nH]c2c(c1c1ccccc1)cc(cc2)C,[4.109],2.8030002117156982,293.317,232.1,223.0,fragment-like
490595,COc1ccc2c(cc(=O)oc2c1)CC(=O)O,COc1ccc2c(c1)oc(=O)cc2CC(=O)O,[3.621],0.6690000891685486,234.205,3439.8,223.0,fragment-like
46568548,c1ccc(c(c1)/C=C\2/c3ccccc3NC2=O)O,Oc1ccccc1/C=C/1\C(=O)Nc2c1cccc2,"[3.158, 7.89]",2.2700002193450928,237.253,139.0,219.0,fragment-like
1934441,c1cscc1c2cc(c(s2)C(=O)N)N,NC(=O)c1sc(cc1N)c1cscc1,"[4.474, 10.895]",1.4209998846054077,224.303,2373.0,414.0,fragment-like
2183015,c1cc(ccc1CSc2nnc(s2)NC(=O)c3ccc(cc3)Cl)Br,Clc1ccc(cc1)C(=O)Nc1nnc(s1)SCc1ccc(cc1)Br,[6.888],5.899999618530273,440.765,482.2,400.0,drug-like
5432942,c1ccc(cc1)CSc2nnc(s2)NC(=O)c3ccccc3Cl,O=C(c1ccccc1Cl)Nc1nnc(s1)SCc1ccccc1,[6.36],5.1020002365112305,361.869,106.1,148.0,
8765039,c1ccc(cc1)n2cnc3c2ccc(c3)C(=O)O,OC(=O)c1ccc2c(c1)ncn2c1ccccc1,"[3.213, 5.772]",2.1110000610351562,238.24099999999999,12742.3,400.0,fragment-like
5758581,Cc1ccc(cn1)c2c(cc(cn2)Cl)c3ccc(cc3)S(=O)(=O)C,Clc1cnc(c(c1)c1ccc(cc1)S(=O)(=O)C)c1ccc(nc1)C,[4.15],3.2059998512268066,358.842,2045.0,400.0,
13419113,c1ccc(cc1)NC(=O)c2c3ccccc3[nH]n2,O=C(c1n[nH]c2c1cccc2)Nc1ccccc1,[8.398],2.6429998874664307,237.257,762.8,223.0,fragment-like
3374919,c1ccc(cc1)Oc2ccc(cc2)C(=O)NCc3ccncc3,O=C(c1ccc(cc1)Oc1ccccc1)NCc1ccncc1,[5.124],3.241000175476074,304.343,211.0,168.0,fragment-like
827004,Cc1cc(nc2c1c(c(s2)C(=O)N)N)C,Cc1cc(C)c2c(n1)sc(c2N)C(=O)N,"[4.423, 10.789]",0.7890000343322754,221.27900000000002,1070.0,168.0,fragment-like
1852544,c1cc(oc1)C(=O)Nc2c(c3c(s2)CCCC3)C(=O)N,O=C(c1ccco1)Nc1sc2c(c1C(=O)N)CCCC2,[10.893],1.819000005722046,290.33799999999997,1841.0,168.0,fragment-like
1415762,c1ccc(cc1)c2c3c(ncnc3oc2c4ccccc4)NCCO,OCCNc1ncnc2c1c(c1ccccc1)c(o2)c1ccccc1,[4.294],3.0820000171661377,331.36800000000005,159.0,168.0,fragment-like
1990422,COc1ccc(cc1)c2c3c(ncnc3oc2c4ccc(cc4)OC)N,COc1ccc(cc1)c1oc2c(c1c1ccc(cc1)OC)c(N)ncn2,[4.245],3.2940003871917725,347.36699999999996,140.0,,fragment-like
46518204,COc1cccc(c1)/C=C\2/C(=O)NC(=O)S2,COc1cccc(c1)/C=C/1\SC(=O)NC1=O,[8.05],2.315999984741211,235.25900000000001,147.0,219.0,fragment-like
4424334,c1ccc2c(c1)c(nnc2Nc3ccc(c(c3)Cl)Cl)c4ccc(cc4)C(=O)N,NC(=O)c1ccc(cc1)c1nnc(c2c1cccc2)Nc1ccc(c(c1)Cl)Cl,[5.578],4.270000457763672,409.26800000000003,308.0,168.0,drug-like
718480,c1cc(c(cc1NC(=O)c2cc(cc(c2O)Cl)Cl)Cl)Cl,Clc1cc(Cl)c(c(c1)C(=O)Nc1ccc(c(c1)Cl)Cl)O,[4.538],5.140000343322754,351.01199999999994,690.0,355.0,
17664146,CN1CCN(CC1)c2c(cccc2Cl)NC(=O)c3ccc(o3)Br,CN1CCN(CC1)c1c(cccc1Cl)NC(=O)c1ccc(o1)Br,[7.773],3.1090002059936523,398.68199999999996,379.0,168.0,drug-like
6458515,Cc1cccc(c1)Cc2cnc(s2)NC(=O)c3cccs3,Cc1cccc(c1)Cc1cnc(s1)NC(=O)c1cccs1,[9.839],3.9170005321502686,314.425,373.8,249.0,fragment-like
49863829,c1ccc(cc1)Oc2ccc(cc2)c3c4c(ncnc4[nH]n3)N,Nc1ncnc2c1c(n[nH]2)c1ccc(cc1)Oc1ccccc1,"[3.904, 9.842]",3.001999616622925,303.318,,148.0,fragment-like
2253464,c1cc(c(cc1Cl)C(=O)Nc2ccncc2)Cl,Clc1ccc(c(c1)C(=O)Nc1ccncc1)Cl,"[4.714, 10.167]",2.927000045776367,267.111,438.0,,fragment-like
32176495,Cc1ccc(cc1)S(=O)(=O)O.Cc1ccc(cc1)S(=O)(=O)O.CS(=O)(=O)CCNCc1ccc(o1)c2ccc3c(c2)c(ncn3)Nc4ccc(c(c4)Cl)OCc5cccc(c5)F,Fc1cccc(c1)COc1ccc(cc1Cl)Nc1ncnc2c1cc(cc2)c1ccc(o1)CNCCS(=O)(=O)C.Cc1ccc(cc1)S(=O)(=O)O.Cc1ccc(cc1)S(=O)(=O)O,"[3.928, 8.582]",5.7210001945495605,925.461,,148.0,
35679514,c1cc(ccc1CSc2nnc(s2)NC(=O)c3ccc(cc3)Cl)F,Fc1ccc(cc1)CSc1nnc(s1)NC(=O)c1ccc(cc1)Cl,[6.888],5.236999988555908,379.85900000000004,300.0,148.0,
25876127,c1cc(cc(c1)C(F)(F)F)/C=C/2\C(=O)NC(=O)S2,O=C1NC(=O)/C(=C\c2cccc(c2)C(F)(F)F)/S1,[8.073],3.364999532699585,273.231,411.5,249.0,fragment-like
8332960,c1ccc2c(c1)nc(n2CC3CC3)c4c(non4)N,Nc1nonc1c1nc2c(n1CC1CC1)cccc2,[4.082],2.43999981880188,255.275,300.0,168.0,fragment-like
45791907,CCCOc1ccc(cc1)/C=C\2/C(=O)NC(=O)S2,CCCOc1ccc(cc1)/C=C/1\SC(=O)NC1=O,[8.112],3.2080001831054688,263.312,124.0,,fragment-like
45490344,c1ccc(cc1)C(=O)Nc2ccncc2,O=C(c1ccccc1)Nc1ccncc1,[4.714],1.6949999332427979,198.22099999999998,116.0,168.0,fragment-like
1503405,Cc1nnc2n1nc(s2)c3ccc(cc3)N,Nc1ccc(cc1)c1nn2c(s1)nnc2C,"[3.49, 5.213]",2.600999593734741,231.27700000000002,13483.0,275.0,fragment-like
46568819,c1cc(cc(c1)OCc2ccc(cc2Cl)Cl)/C=C/3\C(=O)NC(=O)S3,O=C1NC(=O)/C(=C\c2cccc(c2)OCc2ccc(cc2Cl)Cl)/S1,[8.05],5.238000392913818,380.245,154.0,219.0,drug-like
719540,c1ccc(cc1)n2c3c(cn2)c(ncn3)N,Nc1ncnc2c1cnn2c1ccccc1,[3.869],1.4990001916885376,211.22299999999998,3430.0,414.0,fragment-like
45945887,COc1cc(cc(c1O)I)/C=C/2\C(=O)NC(=O)S2,COc1cc(/C=C\2/SC(=O)NC2=O)cc(c1O)I,"[6.235, 8.024]",2.75600004196167,377.155,170.0,219.0,
17004732,c1cc(c(c(c1)Cl)C(=O)Nc2ccncc2)F,O=C(c1c(F)cccc1Cl)Nc1ccncc1,"[4.714, 10.192]",2.7859997749328613,250.65599999999998,115.0,168.0,fragment-like
2546448,CC(C)(C)c1cc(no1)NC(=O)Nc2ccc(cc2)F,O=C(Nc1noc(c1)C(C)(C)C)Nc1ccc(cc1)F,[3.417],3.4079995155334473,277.29400000000004,114.0,168.0,fragment-like
46568821,c1cc(cc(c1)Cl)/C=C\2/C(=O)NC(=O)S2,O=C1NC(=O)/C(=C/c2cccc(c2)Cl)/S1,[8.009],3.0759997367858887,239.678,164.0,275.0,fragment-like
5551808,Cc1ccc2c(c1)sc(n2)NC(=O)Cc3csc(n3)NC(=O)Nc4cccc(c4)Cl,O=C(Nc1nc2c(s1)cc(cc2)C)Cc1csc(n1)NC(=O)Nc1cccc(c1)Cl,"[8.865, 10.738]",4.809000015258789,457.95599999999996,148.0,400.0,drug-like
5828805,Cc1cccc(c1)Nc2c3cc(c(cc3ncn2)OC)OC,COc1cc2c(ncnc2cc1OC)Nc1cccc(c1)C,[4.267],2.5950002670288086,295.336,1864.0,414.0,fragment-like
45945033,CCOc1cc2c(cc1/C=C\3/C(=O)NC(=O)S3)OCO2,CCOc1cc2OCOc2cc1/C=C/1\SC(=O)NC1=O,[8.112],2.442999839782715,293.295,147.0,219.0,fragment-like
901322,c1ccc(c(c1)CC(=O)OCC(=O)O)Nc2c(cccc2Cl)Cl,OC(=O)COC(=O)Cc1ccccc1Nc1c(Cl)cccc1Cl,[3.399],2.9590001106262207,354.185,1026.0,168.0,
1339083,c1nc(c2c3c(sc2n1)CCCCC3)N,Nc1ncnc2c1c1CCCCCc1s2,[4.064],2.0309998989105225,219.30599999999998,4273.0,414.0,fragment-like
18897105,c1ccc2c(c1)c(=O)[nH]c(n2)CCC(=O)Nc3ncc(s3)Cc4ccc(c(c4)F)F,O=C(Nc1ncc(s1)Cc1ccc(c(c1)F)F)CCc1nc2ccccc2c(=O)[nH]1,"[9.381, 10.773]",3.3410000801086426,426.439,247.7,223.0,drug-like
1078483,c1cc(ccc1/C=C\2/C(=O)NC(=O)S2)F,O=C1NC(=O)S/C/1=C\c1ccc(cc1)F,[8.039],2.5950000286102295,223.22400000000002,363.0,275.0,fragment-like
45772500,COc1ccc(cc1)/C=C/2\C(=O)N(C(=O)S2)CCN.Cl,NCCN1C(=O)S/C(=C/c2ccc(cc2)OC)/C1=O.Cl,[8.43],2.564000129699707,314.788,,,fragment-like
1026999,COc1cccc(c1)Nc2c3cc(c(cc3ncn2)OC)OC,COc1cccc(c1)Nc1ncnc2c1cc(OC)c(c2)OC,[4.267],2.1549999713897705,311.335,8511.0,,fragment-like
4375254,CCOC(=O)c1ccc(cc1)Nc2cc(nc(n2)Nc3ccc(cc3)C(=O)OCC)C,CCOC(=O)c1ccc(cc1)Nc1cc(C)nc(n1)Nc1ccc(cc1)C(=O)OCC,[6.336],2.937000036239624,420.461,319.0,168.0,drug-like
840416,c1ccc(cc1)c2c3c(ncnc3oc2c4ccccc4)N,Nc1ncnc2c1c(c1ccccc1)c(o2)c1ccccc1,[3.711],3.5820000171661377,287.315,,355.0,fragment-like
1856737,c1cc(ccc1Nc2c3c4c(sc3ncn2)CCCC4)F,Fc1ccc(cc1)Nc1ncnc2c1c1CCCCc1s2,[3.306],3.316999673843384,299.366,150.6,249.0,fragment-like
837243,CC(C)OC(=O)c1c(csc1N)c2ccc(c(c2)OC)OC,COc1cc(ccc1OC)c1csc(c1C(=O)OC(C)C)N,[10.184],4.079999923706055,321.39099999999996,10117.0,168.0,fragment-like
1472238,c1ccc(cc1)OCc2nnc(s2)NC(=O)c3cccs3,O=C(c1cccs1)Nc1nnc(s1)COc1ccccc1,[6.921],3.205000162124634,317.38599999999997,,355.0,fragment-like
25775229,c1cc(c(cc1Cl)Cl)c2ccc(o2)/C=C/3\C(=O)NC(=O)S3,O=C1S/C(=C/c2ccc(o2)c2ccc(cc2Cl)Cl)/C(=O)N1,[8.052],4.389000415802002,340.181,647.0,168.0,fragment-like
26089200,c1cc(ccc1/C=C\2/C(=O)NC(=O)S2)Br,O=C1NC(=O)S/C/1=C\c1ccc(cc1)Br,[8.031],3.257999897003174,284.129,220.0,275.0,fragment-like
493608,c1ccc(cc1)c2cc(=O)c3c(cc(cc3o2)O)O,Oc1cc(O)c2c(c1)oc(cc2=O)c1ccccc1,"[8.416, 10.823]",1.7130001783370972,254.238,1056.0,168.0,fragment-like
901874,c1cc2cnccc2c(c1)S(=O)(=O)N3CCCNCC3,O=S(=O)(c1cccc2c1ccnc2)N1CCNCCC1,"[4.092, 8.862]",0.7929999828338623,291.369,,223.0,fragment-like
1457396,c1cc(cc(c1)Nc2nc(cs2)c3ccc(cc3O)O)C(=O)O,Oc1ccc(c(c1)O)c1csc(n1)Nc1cccc(c1)C(=O)O,"[4.157, 9.093]",1.421000361442566,328.342,177.0,168.0,fragment-like
2266357,c1cc(c(c(c1)Cl)Cl)C(=O)Nc2ccncc2,O=C(c1cccc(c1Cl)Cl)Nc1ccncc1,"[4.714, 10.167]",2.9270002841949463,267.111,104.0,168.0,fragment-like
3590441,CCOc1ccc2c(c1)sc(n2)NC(=O)Cc3cccc(c3)OC,CCOc1ccc2c(c1)sc(n2)NC(=O)Cc1cccc(c1)OC,[9.167],3.7950000762939453,342.412,545.9,148.0,fragment-like
25775231,c1cc(c(cc1c2ccc(o2)/C=C/3\C(=O)NC(=O)S3)Cl)F,O=C1S/C(=C/c2ccc(o2)c2ccc(c(c2)Cl)F)/C(=O)N1,[8.052],3.9079997539520264,323.72700000000003,125.0,168.0,fragment-like
10794751,CC(C)(C)c1cc(n(n1)c2ccccc2)NC(=O)Nc3cccc(c3Cl)Cl,O=C(Nc1cccc(c1Cl)Cl)Nc1cc(nn1c1ccccc1)C(C)(C)C,[4.113],5.784000396728516,403.305,324.5,148.0,drug-like
37095168,c1ccc2c(c1)ncn2c3ccc(cc3)O,Oc1ccc(cc1)n1cnc2c1cccc2,"[5.82, 8.709]",2.2190003395080566,210.231,21650.2,148.0,fragment-like
4009733,CC(C)(C)c1cc(no1)NC(=O)Nc2cccc(c2Cl)Cl,O=C(Nc1cccc(c1Cl)Cl)Nc1noc(c1)C(C)(C)C,[3.417],4.505000114440918,328.194,102.0,,fragment-like
1327878,c1ccc(cc1)CNc2c3ccccc3ncn2,c1ccc(cc1)CNc1ncnc2c1cccc2,[5.564],2.9070003032684326,235.28400000000002,208.7,223.0,fragment-like
37053191,c1ccc(cc1)c2[nH]c3ccc(cc3n2)C(=O)N,NC(=O)c1ccc2c(c1)nc([nH]2)c1ccccc1,[6.342],2.192000389099121,237.257,2000.0,168.0,fragment-like
1444229,c1ccc(cc1)CSc2nnc(o2)c3ccncc3,c1ccc(cc1)CSc1nnc(o1)c1ccncc1,[4.902],3.305999994277954,269.322,170.0,168.0,fragment-like
3026185,c1cc(c(cc1Nc2c3c4c(sc3ncn2)CCCCC4)Cl)F,Clc1cc(ccc1F)Nc1ncnc2c1c1CCCCCc1s2,[3.308],4.427000045776367,347.837,597.5,249.0,fragment-like
536848,c1cc2c(cc(c(c2nc1)O)I)I,Ic1cc(I)c2c(c1O)nccc2,"[3.511, 6.794]",3.370999813079834,396.95099999999996,239.0,168.0,drug-like
2727697,Cc1ccc(cc1Nc2nccc(n2)c3cccnc3)N,Nc1ccc(c(c1)Nc1nccc(n1)c1cccnc1)C,"[3.887, 4.98]",1.2969999313354492,277.324,101.1,400.0,fragment-like
532754,c1cc(ccc1c2coc3cc(cc(c3c2=O)O)O)O,Oc1ccc(cc1)c1coc2c(c1=O)c(O)cc(c2)O,"[8.584, 9.84, 10.869]",0.887000322341919,270.237,1015.0,168.0,fragment-like
13487892,c1ccc(cc1)c2cc(n[nH]2)C(=O)Nc3nccs3,O=C(c1n[nH]c(c1)c1ccccc1)Nc1nccs1,[9.041],2.378999710083008,270.31,221.3,,fragment-like
1360661,CCn1c2ccccc2nc1c3c(non3)N,CCn1c(nc2c1cccc2)c1nonc1N,[4.082],2.068000078201294,229.238,385.3,223.0,fragment-like
492822,CN(C)CCCN1c2ccccc2Sc3c1cc(cc3)Cl.Cl,CN(CCCN1c2ccccc2Sc2c1cc(Cl)cc2)C.Cl,[9.638],5.49600076675415,355.325,50160.1,148.0,
827097,c1nc(c2c3c(sc2n1)CCCC3)N,Nc1ncnc2c1c1CCCCc1s2,[4.062],1.537000060081482,205.27900000000002,3114.0,275.0,fragment-like
1573146,c1ccc(c(c1)C(=O)Nc2cccc3c2nccc3)Cl,O=C(c1ccccc1Cl)Nc1cccc2c1nccc2,[3.95],3.5880002975463867,282.724,109.0,168.0,fragment-like
25801505,CCOc1ccc(cc1)/C=C/2\C(=O)NC(=O)S2,CCOc1ccc(cc1)/C=C\1/SC(=O)NC1=O,[8.112],2.7140002250671387,249.28599999999997,170.0,168.0,fragment-like
1327907,c1ccc2c(c1)c(ncn2)Nc3cccc(c3)C(F)(F)F,FC(c1cccc(c1)Nc1ncnc2c1cccc2)(F)F,[4.05],3.2689995765686035,289.255,101.0,355.0,fragment-like
18908671,c1ccc(c(c1)NC(=O)c2ccc(o2)Cl)N3CCCCC3,Clc1ccc(o1)C(=O)Nc1ccccc1N1CCCCC1,[5.346],3.794999837875366,304.77099999999996,424.3,148.0,fragment-like
640814,c1ccc(cc1)/C=C/C(=O)Nc2c(c3c(s2)CCCC3)C(=O)N,O=C(Nc1sc2c(c1C(=O)N)CCCC2)/C=C/c1ccccc1,[3.098],3.6640002727508545,326.413,559.8,400.0,fragment-like
1574612,c1cc(cc(c1)Br)Nc2c(cnc(n2)Nc3cccc(c3)Br)F,Brc1cccc(c1)Nc1ncc(c(n1)Nc1cccc(c1)Br)F,[3.892],4.140000343322754,438.092,222.0,168.0,drug-like
6697792,c1cc(cc(c1)NC(=O)c2c(csn2)NCc3ccncc3)C(F)(F)F,O=C(c1nscc1NCc1ccncc1)Nc1cccc(c1)C(F)(F)F,"[3.551, 6.338, 10.666]",3.408999443054199,378.37199999999996,9888.0,355.0,
1852896,COc1ccccc1NC(=O)/C=C/c2ccccc2,COc1ccccc1NC(=O)/C=C/c1ccccc1,[4.33],3.4800004959106445,253.296,349.0,168.0,fragment-like
2393398,COc1ccc2c(c1)sc(n2)NC(=O)Cc3ccc(cc3)Cl,COc1ccc2c(c1)sc(n2)NC(=O)Cc1ccc(cc1)Cl,[9.2],4.1570000648498535,332.805,427.0,168.0,fragment-like
1412934,Cc1ccc2c(c1)sc(n2)NC(=O)Cc3ccccc3OC,COc1ccccc1CC(=O)Nc1nc2c(s1)cc(cc2)C,[9.143],3.8369998931884766,312.38599999999997,266.0,168.0,fragment-like
1210593,c1cc(sc1)c2csc3c2c(=O)[nH]cn3,O=c1[nH]cnc2c1c(cs2)c1cccs1,[9.573],2.06499981880188,234.297,48457.6,223.0,fragment-like
1865544,COc1cccc(c1)Nc2c3ccccc3ncn2.Cl,COc1cccc(c1)Nc1ncnc2c1cccc2.Cl,[4.05],3.1389999389648438,287.744,119.7,148.0,fragment-like
1698122,c1cc(ccc1Nc2c(cnc(n2)Nc3ccc(cc3)F)F)F,Fc1ccc(cc1)Nc1ncc(c(n1)Nc1ccc(cc1)F)F,[3.892],2.813999652862549,316.281,105.0,168.0,fragment-like
26484926,CCc1[nH]c(c(n1)C)/C=C\2/c3ccccc3NC2=O,CCc1nc(c([nH]1)/C=C/1\C(=O)Nc2c1cccc2)C,[6.938],2.1010000705718994,253.299,211.0,414.0,fragment-like
44160850,Cn1cnc(c1C(=O)Nc2ccc(cc2)Cl)NCc3ccncc3,Clc1ccc(cc1)NC(=O)c1c(NCc2ccncc2)ncn1C,[6.21],2.730999708175659,341.795,9888.0,355.0,fragment-like
3560787,COc1ccc(cc1)CNc2c3ccccc3ncn2,COc1ccc(cc1)CNc1ncnc2c1cccc2,[5.564],2.763000249862671,265.31,284.3,223.0,fragment-like
902486,CNC(=O)c1cc(ccn1)Oc2ccc(cc2)NC(=O)Nc3ccc(c(c3)C(F)(F)F)Cl,CNC(=O)c1nccc(c1)Oc1ccc(cc1)NC(=O)Nc1ccc(c(c1)C(F)(F)F)Cl,[5.419],3.730999708175659,464.825,,223.0,drug-like
44160569,c1ccc(cc1)Oc2ccc(cc2)NC(=O)c3c(ncs3)CCc4ccncc4,O=C(c1scnc1CCc1ccncc1)Nc1ccc(cc1)Oc1ccccc1,[5.689],4.199000358581543,401.481,9888.0,,drug-like
2867544,c1nc(c2c3c(sc2n1)CCC3)N,Nc1ncnc2c1c1CCCc1s2,[4.048],1.0429999828338623,191.253,1026.0,168.0,fragment-like
23354217,c1ccc(cc1)C(=O)NCC(=O)Nc2nc3ccccc3s2,O=C(Nc1nc2c(s1)cccc2)CNC(=O)c1ccccc1,[8.672],2.7179999351501465,311.358,149.1,148.0,fragment-like
25849195,c1cc(cc(c1)Br)/C=C\2/C(=O)NC(=O)S2,O=C1NC(=O)/C(=C/c2cccc(c2)Br)/S1,[7.999],3.257999897003174,284.129,178.0,275.0,fragment-like
1470412,CCOC(=O)c1c-2c3c(cccc3[nH]c1=O)C(=O)c4c2cccc4,CCOC(=O)c1c(=O)[nH]c2c3c1c1ccccc1c(=O)c3ccc2,[7.834],3.2360000610351562,319.311,215.7,400.0,fragment-like
18893169,c1cc2cccnc2c(c1)NC(=O)c3cc(cnc3)Br,Brc1cncc(c1)C(=O)Nc1cccc2c1nccc2,"[4.001, 10.328]",2.922999620437622,328.163,406.0,148.0,fragment-like
30719859,c1ccc2c(c1)c(ncn2)NCc3ccc(cc3)Cl,Clc1ccc(cc1)CNc1ncnc2c1cccc2,[5.564],3.5230002403259277,269.72900000000004,415.5,148.0,fragment-like
25857006,c1cc(c(cc1c2ccc(o2)/C=C/3\C(=O)NC(=O)S3)Cl)Cl,O=C1S/C(=C/c2ccc(o2)c2ccc(c(c2)Cl)Cl)/C(=O)N1,[8.052],4.388999938964844,340.181,156.0,168.0,fragment-like
5808501,CC(C)(C)c1cc(c(s1)C(=O)OC)NC(=O)Nc2ccc(cc2)Cl,COC(=O)c1sc(cc1NC(=O)Nc1ccc(cc1)Cl)C(C)(C)C,[4.64],4.531000137329102,366.86199999999997,269.0,414.0,
620265,COC(=O)c1ccc(cc1)/C=C\2/C(=O)NC(=O)S2,COC(=O)c1ccc(cc1)/C=C/1\SC(=O)NC1=O,[8.05],2.2080001831054688,263.269,277.0,168.0,fragment-like
8830330,c1cc2cnccc2c(c1)S(=O)(=O)NCCN.Cl,NCCNS(=O)(=O)c1cccc2c1ccnc2.Cl,"[4.26, 9.011, 10.57]",0.812999963760376,287.76599999999996,,223.0,fragment-like
2382204,CCOc1ccc2c(c1)sc(n2)NC(=O)C(c3ccccc3)c4ccccc4,CCOc1ccc2c(c1)sc(n2)NC(=O)C(c1ccccc1)c1ccccc1,[8.957],5.654000282287598,388.48199999999997,100.0,168.0,drug-like
46568745,CCOc1cc(cc(c1O)/C=C\2/C(=O)NC(=O)S2)Br,CCOc1cc(Br)cc(c1O)/C=C/1\SC(=O)NC1=O,"[6.247, 7.999]",2.8489999771118164,344.181,154.0,219.0,fragment-like
1243518,c1cc(cnc1)C(=O)Nc2c(c3c(s2)CCCC3)C(=O)N,O=C(c1cccnc1)Nc1sc2c(c1C(=O)N)CCCC2,[3.34],1.7349998950958252,301.363,1433.6,249.0,fragment-like
5837205,COc1cc2c(cc1OC)C(=NCC2)c3cccc(c3)Cl,COc1cc2c(cc1OC)CCN=C2c1cccc(c1)Cl,[7.38],3.9609999656677246,301.767,2462.0,414.0,fragment-like
1202048,c1ccc(cc1)n2cnc3c2cccc3,c1ccc(cc1)n1cnc2c1cccc2,[5.74],3.1050000190734863,194.232,188.0,168.0,fragment-like
17211030,COc1ccccc1CC(=O)Nc2nc3ccc(cc3s2)OC(F)(F)F,COc1ccccc1CC(=O)Nc1nc2c(s1)cc(cc2)OC(F)(F)F,[8.774],4.9430012702941895,382.35699999999997,370.0,148.0,drug-like
6679830,c1cc2c(cc1O)c3c(o2)C(=O)NCCC3,Oc1cc2c3CCCNC(=O)c3oc2cc1,[9.119],0.7199999690055847,217.22099999999998,184.0,533.0,fragment-like
12272961,COc1cccc(c1)CC(=O)Nc2nc3ccc(cc3s2)OC,COc1cccc(c1)CC(=O)Nc1nc2c(s1)cc(cc2)OC,[9.2],3.397000312805176,328.38599999999997,436.5,148.0,fragment-like
44161090,CC(C)(C)c1cc(c(c(c1)NS(=O)(=O)C)OC)NC(=O)C(=O)c2ccc(c3c2cccc3)OCCN4CCOCC4,COc1c(NC(=O)C(=O)c2ccc(c3c2cccc3)OCCN2CCOCC2)cc(cc1NS(=O)(=O)C)C(C)(C)C,"[6.058, 8.688]",2.9020001888275146,583.696,,355.0,
25884764,Cc1ccc(c(c1)Br)c2ccc(o2)/C=C/3\C(=O)NC(=O)S3,O=C1S/C(=C/c2ccc(o2)c2ccc(cc2Br)C)/C(=O)N1,[8.052],4.25100040435791,364.214,112.0,,
876432,COc1cc2c(cc1OCCCN3CCOCC3)c(ncn2)Nc4ccc(c(c4)Cl)F,COc1cc2ncnc(c2cc1OCCCN1CCOCC1)Nc1ccc(c(c1)Cl)F,"[4.155, 6.994]",2.7179996967315674,446.902,143.0,168.0,drug-like
1976726,c1ccc(cc1)/C=C/2\C(=O)NC(=O)S2,O=C1NC(=O)S/C/1=C/c1ccccc1,[8.05],2.4600000381469727,205.233,1694.0,275.0,fragment-like
23296409,CCN(CC)CCNC(=O)c1c(c([nH]c1C)/C=C\2/c3cc(ccc3NC2=O)F)C,CCN(CCNC(=O)c1c(C)[nH]c(c1C)/C=C/1\C(=O)Nc2c1cc(F)cc2)CC,[9.012],2.9769999980926514,398.474,871.3,223.0,drug-like
479644,c1ccc2c(c1)cncn2,c1ccc2c(c1)ncnc2,[3.085],1.3949999809265137,130.14700000000002,119.0,414.0,
44160581,CC(C)(C)c1ccc(cc1)NC(=O)c2c(ncs2)CCc3ccncc3,O=C(c1scnc1CCc1ccncc1)Nc1ccc(cc1)C(C)(C)C,[5.689],4.278000354766846,365.49199999999996,9888.0,355.0,
594850,COc1cc2c(cc1OC)ncnc2Nc3cccc(c3)Cl,COc1cc2c(ncnc2cc1OC)Nc1cccc(c1)Cl,[4.267],2.9149999618530273,315.754,8756.0,414.0,fragment-like
1859493,c1ccc2c(c1)c(ncn2)Nc3cccc(c3)Cl.Cl,Clc1cccc(c1)Nc1ncnc2c1cccc2.Cl,[4.05],3.8990001678466797,292.163,7366.0,414.0,fragment-like
3192230,COc1ccc(cc1)CC(=O)Nc2nc3ccc(cc3s2)OC,COc1ccc(cc1)CC(=O)Nc1nc2c(s1)cc(cc2)OC,[9.2],3.397000312805176,328.38599999999997,318.1,148.0,fragment-like
1987313,COc1cc2c(cc1OC)ncnc2Nc3ccccc3,COc1cc2c(ncnc2cc1OC)Nc1ccccc1,[4.267],2.2990000247955322,281.309,7054.0,414.0,fragment-like
2042282,c1cc(c(c(c1)F)C(=O)Nc2ccncc2)F,O=C(c1c(F)cccc1F)Nc1ccncc1,"[4.714, 10.538]",2.304999828338623,234.202,100.0,168.0,fragment-like
1129902,c1ccc(cc1)c2cc(c3c(c(sc3n2)C(=O)N)N)c4ccco4,NC(=O)c1sc2c(c1N)c(cc(n2)c1ccccc1)c1ccco1,"[3.289, 10.555]",2.814000129699707,335.38,175.8,223.0,fragment-like
688047,c1ccc(cc1)c2csc3c2c(ncn3)N4CCc5ccccc5C4,c1ccc(cc1)c1csc2c1c(ncn2)N1CCc2c(C1)cccc2,[3.271],4.785000324249268,343.445,142.0,533.0,fragment-like
5809584,c1ccc(cc1)c2cc(c(s2)C(=O)N)NS(=O)(=O)c3ccc(cc3)F,Fc1ccc(cc1)S(=O)(=O)Nc1cc(sc1C(=O)N)c1ccccc1,[6.106],3.2139997482299805,376.425,5485.0,414.0,
1171893,c1ccc(cc1)CC(=O)Nc2nc3ccccc3s2,O=C(Nc1nc2c(s1)cccc2)Cc1ccccc1,[9.045],3.685000419616699,268.334,574.0,168.0,fragment-like
3605943,c1cc(c(c(c1)Cl)NC(=O)c2ccncc2)Cl,O=C(c1ccncc1)Nc1c(Cl)cccc1Cl,"[3.163, 9.847]",2.927000045776367,267.111,109.0,168.0,fragment-like
3064762,c1ccc(cc1)C(=O)Nc2ccc(cc2)Oc3c4c5c(sc4ncn3)CCCC5,O=C(c1ccccc1)Nc1ccc(cc1)Oc1ncnc2c1c1CCCCc1s2,[3.199],4.7179999351501465,401.481,636.9,249.0,drug-like
45809595,CC(C)c1ccc(cc1)/C=C\2/c3ccccc3NC2=O,O=C1Nc2c(/C/1=C/c1ccc(cc1)C(C)C)cccc2,[3.158],4.2330002784729,263.334,283.7,400.0,fragment-like
3647680,c1ccc(cc1)Oc2ccc(cc2)C(=O)NCc3ccccn3,O=C(c1ccc(cc1)Oc1ccccc1)NCc1ccccn1,[5.123],3.181000232696533,304.343,196.4,223.0,fragment-like
30151586,Cc1ccc(cc1S(=O)(=O)N)Nc2nccc(n2)N(C)c3ccc4c(n(nc4c3)C)C,CN(c1ccc2c(c1)nn(c2C)C)c1ccnc(n1)Nc1ccc(c(c1)S(=O)(=O)N)C,"[5.135, 7.5, 10.189]",1.6569998264312744,437.51800000000003,,223.0,drug-like
2724817,c1ccc2c(c1)N(c3cc(ccc3S2)C(F)(F)F)CCCN4CCN(CC4)CCO.Cl.Cl,OCCN1CCN(CC1)CCCN1c2ccccc2Sc2c1cc(cc2)C(F)(F)F.Cl.Cl,"[6.069, 8.134]",5.13599967956543,510.44300000000004,,148.0,
1377874,Cc1ccc(cc1)S(=O)(=O)Nc2cccc(c2)C(F)(F)F,Cc1ccc(cc1)S(=O)(=O)Nc1cccc(c1)C(F)(F)F,[7.903],3.747999668121338,315.311,527.0,168.0,fragment-like
4934119,COC(=O)c1ccc(cc1)Nc2c3c([nH]cn3)ncn2,COC(=O)c1ccc(cc1)Nc1ncnc2c1nc[nH]2,"[3.923, 9.999]",0.8499998450279236,269.259,108.0,275.0,fragment-like
1536105,c1ccc(c(c1)c2c(=O)[nH]c3ccccc3n2)NC(=O)c4cccs4,O=C(c1cccs1)Nc1ccccc1c1nc2ccccc2[nH]c1=O,[8.46],3.7059996128082275,347.39,101.2,249.0,fragment-like
17837989,c1ccc(cc1)/C=C/C(=O)Nc2ccccc2F,O=C(Nc1ccccc1F)/C=C/c1ccccc1,[4.33],3.759000301361084,241.26,159.0,168.0,fragment-like
508324,COc1cc(c(cc1OC)Br)C(=O)O,COc1cc(C(=O)O)c(cc1OC)Br,[3.005],1.7000000476837158,261.069,10134.0,168.0,fragment-like
11880412,c1ccc(cc1)CC(=O)NCC(=O)Nc2nc3ccccc3s2,O=C(Cc1ccccc1)NCC(=O)Nc1nc2c(s1)cccc2,[8.746],2.80400013923645,325.385,161.7,148.0,fragment-like
1406839,c1cc(cc(c1)C(F)(F)F)Cc2cnc(s2)NC(=O)c3cccs3,O=C(c1cccs1)Nc1ncc(s1)Cc1cccc(c1)C(F)(F)F,[9.839],4.526000499725342,368.397,140.0,168.0,
1411040,COc1ccc(cc1)Nc2c3ccccc3c(nn2)c4ccc(cc4)C(=O)N,COc1ccc(cc1)Nc1nnc(c2c1cccc2)c1ccc(cc1)C(=O)N,[5.689],2.8940000534057617,370.404,280.0,168.0,
901601,Cc1ccc(cc1)c2cc(nn2c3ccc(cc3)S(=O)(=O)N)C(F)(F)F,Cc1ccc(cc1)c1cc(nn1c1ccc(cc1)S(=O)(=O)N)C(F)(F)F,[9.703],3.4699997901916504,381.37199999999996,1000.0,168.0,drug-like
2010194,c1ccc(cc1)c2c3c(ncnc3oc2c4ccccc4)NCCN5CCOCC5,O1CCN(CC1)CCNc1ncnc2c1c(c1ccccc1)c(o2)c1ccccc1,"[3.523, 7.492]",3.253999948501587,400.473,110.0,168.0,drug-like
5428718,c1ccc(c(c1)C(=O)Nc2nnc(s2)SCc3ccc(cc3)Br)Cl,Brc1ccc(cc1)CSc1nnc(s1)NC(=O)c1ccccc1Cl,[6.525],5.900000095367432,440.765,239.5,400.0,drug-like
207007221,c1ccc(c(c1)/C=C/2\C(=O)NC(=O)S2)F,O=C1NC(=O)/C(=C\c2ccccc2F)/S1,[8.05],2.5950000286102295,223.22400000000002,148.0,275.0,fragment-like
1716329,c1ccc(c(c1)NC(=O)c2ccc(o2)Br)N3CCCCC3,Brc1ccc(o1)C(=O)Nc1ccccc1N1CCCCC1,[5.346],3.9770002365112305,349.222,530.0,168.0,fragment-like
43822335,COc1ccccc1CC(=O)Nc2nc3ccc(cc3s2)F,COc1ccccc1CC(=O)Nc1nc2c(s1)cc(cc2)F,[8.945],3.6760001182556152,316.35,471.6,249.0,fragment-like
703997,CCOC(=O)c1c(c2cc(ccc2[nH]c1=O)Cl)c3ccccc3,CCOC(=O)c1c(=O)[nH]c2c(c1c1ccccc1)cc(cc2)Cl,[8.549],4.517000198364258,327.76199999999994,1059.0,168.0,fragment-like
5428734,c1cc(ccc1CSc2nnc(s2)NC(=O)c3ccc(cc3)F)Br,Fc1ccc(cc1)C(=O)Nc1nnc(s1)SCc1ccc(cc1)Br,[7.202],5.418999671936035,424.31,324.8,400.0,drug-like
1228629,c1ccc(cc1)Cc2nnc(s2)NC(=O)c3cccs3,O=C(c1cccs1)Nc1nnc(s1)Cc1ccccc1,[7.12],3.6050002574920654,301.387,379.0,148.0,fragment-like
